{
  "classifier": {
    "domain_macro_f1": 0.2419602881058984,
    "method_accuracy": 1.0,
    "per_domain_f1": {
      "NLP": 0.03636363636363636,
      "ML": 0.9314775160599572,
      "AI": 0.0
    }
  },
  "ner_test": {
    "entity_f1": 0.28503562945368177,
    "report": "              precision    recall  f1-score   support\n\n     DATASET       0.33      0.23      0.27        90\n      METHOD       0.25      0.34      0.29       153\n      METRIC       0.26      0.36      0.30        28\n        TASK       0.25      0.34      0.29       108\n\n   micro avg       0.26      0.32      0.29       379\n   macro avg       0.27      0.32      0.29       379\nweighted avg       0.27      0.32      0.28       379\n"
  }
}